{"cameraMode":{"drawMode":0,"name":"Shaded","section":"Shading Mode"},"sceneLighting":false,"audioPlay":false,"sceneViewState":{"showFog":true,"showMaterialUpdate":false,"showSkybox":false,"showFlares":true,"showImageEffects":true,"showParticleSystems":true},"in2DMode":false,"pivot":{"x":4.191999912261963,"y":-2.7219998836517336,"z":-7.03515625},"rotation":{"x":-0.039258718490600589,"y":0.04554624482989311,"z":-0.0017912553157657385,"w":-0.9981904625892639},"size":0.5857890844345093,"orthographic":false}